<?xml version="1.0" encoding="UTF-8"?><server>
    <featureManager>
        <feature>jsp-2.3</feature>
        <feature>ejbLite-3.2</feature>
        <feature>ejbRemote-3.2</feature>
        <feature>servlet-3.1</feature>
        <feature>jdbc-4.2</feature>
        <feature>jpa-2.0</feature>
    </featureManager>
    <httpEndpoint host="*" httpPort="9080" httpsPort="9443" id="defaultHttpEndpoint"/>
    <jdbcDriver id="OTiSDataSource" javax.sql.DataSource="org.apache.derby.jdbc.EmbeddedConnectionPoolDataSource">
        <library>
            <!-- <file name="${WAS_INSTALL_ROOT}/derby/lib/derby.jar"/> -->
            <file name="/config/lib/derby.jar"/>
        </library>
    </jdbcDriver>
    <dataSource id="OTiSDataSource" jdbcDriverRef="OTiSDataSource" jndiName="OTiSDataSource">
        <properties.derby.embedded databaseName="${USER_INSTALL_ROOT}/OTiS" description="Data source template" name="OTiSDataSource"/>
        <connectionManager agedTimeout="0" connectionTimeout="180" maxIdleTime="1800" maxPoolSize="10" minPoolSize="1" reapTime="180"/>
    </dataSource>
    <jdbcDriver id="Generated_Derby_JDBC_Provider" javax.sql.DataSource="org.apache.derby.jdbc.EmbeddedConnectionPoolDataSource">
        <library>
            <!-- <file name="${DERBY_JDBC_DRIVER_PATH}/derby.jar"/> -->
            <file name="/config/lib/derby.jar"/>
        </library>
    </jdbcDriver>
    <dataSource id="ITSOBANKDerby" jdbcDriverRef="Generated_Derby_JDBC_Provider" jndiName="jdbc/itsobankredbank">
        <properties.derby.embedded databaseName="/opt/IBM/WebSphere/AppServer/derby/ITSOBANK" name="ITSOBANKDerby" preTestSQLString="" statementCacheSize="0"/>
        <connectionManager agedTimeout="1800" connectionTimeout="1800" maxIdleTime="1800" maxPoolSize="10" minPoolSize="1" reapTime="180"/>
    </dataSource>
    <dataSource id="ITSOBANKDerby1" jdbcDriverRef="Generated_Derby_JDBC_Provider" jndiName="jdbc/ITSOBANKDerby">
        <properties.derby.embedded databaseName="C:\\7835code\\database\\derby\\ITSOBANK" name="ITSOBANKDerby1" preTestSQLString="" statementCacheSize="0"/>
        <connectionManager agedTimeout="1800" connectionTimeout="1800" maxIdleTime="1800" maxPoolSize="10" minPoolSize="1" reapTime="180"/>
    </dataSource>
    <jdbcDriver id="Derby_JDBC_Provider_(XA)" javax.sql.DataSource="org.apache.derby.jdbc.EmbeddedXADataSource">
        <library>
            <!-- <file name="${DERBY_JDBC_DRIVER_PATH}/derby.jar"/> -->
            <file name="/config/lib/derby.jar"/>
        </library>
    </jdbcDriver>
    <dataSource id="DefaultEJBTimerDataSource" jdbcDriverRef="Derby_JDBC_Provider_(XA)" jndiName="jdbc/DefaultEJBTimerDataSource">
        <properties.derby.embedded category="default" connectionAttributes="upgrade=true" databaseName="${USER_INSTALL_ROOT}/databases/EJBTimers/${SERVER}/EJBTimerDB" name="DefaultEJBTimerDataSource" preTestSQLString=""/>
        <connectionManager agedTimeout="0" connectionTimeout="1800" maxIdleTime="1800" maxPoolSize="30" minPoolSize="1" reapTime="180"/>
    </dataSource>
    <dataSource id="ITSOBANKweb" jdbcDriverRef="Derby_JDBC_Provider_(XA)" jndiName="jdbc/itsobank">
        <properties.derby.embedded databaseName="/opt/IBM/WebSphere/AppServer/derby/ITSOBANK" name="ITSOBANKweb"/>
        <connectionManager agedTimeout="0" connectionTimeout="180" maxIdleTime="1800" maxPoolSize="10" minPoolSize="1" reapTime="180"/>
    </dataSource>
    <jdbcDriver id="Generated_Derby_JDBC_Provider" javax.sql.DataSource="org.apache.derby.jdbc.EmbeddedConnectionPoolDataSource">
        <library>
            <!-- <file name="${DERBY_JDBC_DRIVER_PATH}/derby.jar"/> -->
            <file name="/config/lib/derby.jar"/>
        </library>
    </jdbcDriver>
    <dataSource id="ITSOBANKDerby" jdbcDriverRef="Generated_Derby_JDBC_Provider" jndiName="unknown_0">
        <properties.derby.embedded databaseName="C:\\7835code\\database\\derby\\ITSOBANK" name="ITSOBANKDerby" preTestSQLString="" statementCacheSize="0"/>
        <connectionManager agedTimeout="1800" connectionTimeout="1800" maxIdleTime="1800" maxPoolSize="10" minPoolSize="1" reapTime="180"/>
    </dataSource>
    <jdbcDriver id="Derby_JDBC_Provider_(XA)" javax.sql.DataSource="org.apache.derby.jdbc.EmbeddedXADataSource">
        <library>
            <!-- <file name="${DERBY_JDBC_DRIVER_PATH}/derby.jar"/> -->
            <file name="/config/lib/derby.jar"/>
        </library>
    </jdbcDriver>
    <dataSource id="DefaultEJBTimerDataSource" jdbcDriverRef="Derby_JDBC_Provider_(XA)" jndiName="unknown_1">
        <properties.derby.embedded category="default" connectionAttributes="upgrade=true" databaseName="${USER_INSTALL_ROOT}/databases/EJBTimers/${SERVER}/EJBTimerDB" name="DefaultEJBTimerDataSource" preTestSQLString=""/>
        <connectionManager agedTimeout="0" connectionTimeout="1800" maxIdleTime="1800" maxPoolSize="30" minPoolSize="1" reapTime="180"/>
    </dataSource>
    <dataSource id="ITSOBANKweb" jdbcDriverRef="Derby_JDBC_Provider_(XA)" jndiName="unknown_2">
        <properties.derby.embedded databaseName="/opt/IBM/WebSphere/AppServer/derby/ITSOBANK" name="ITSOBANKweb"/>
        <connectionManager agedTimeout="0" connectionTimeout="180" maxIdleTime="1800" maxPoolSize="10" minPoolSize="1" reapTime="180"/>
    </dataSource>
    <variable name="WAS_INSTALL_ROOT" value="!{WAS_INSTALL_ROOT}"/>
    <variable name="DERBY_JDBC_DRIVER_PATH" value="${WAS_INSTALL_ROOT}/derby/lib"/>
</server>